Student ID,School ID,Class ID,Gender,Baseline Literacy,Baseline Math
609078,8,1402,1,51.7,25.5
609079,37,1401,1,61.3,60.2
609080,28,1803,0,81.4,47.1
609081,3,102,0,76.9,67.6
609082,36,1902,1,72.6,73.7
609083,40,101,1,82.9,56.3
609084,25,1802,1,52.8,46.4
609085,15,2001,0,100,83.4
609086,19,1700,1,100,100
609087,2,1401,0,55.1,50
609088,37,1903,1,97.3,46.6
609089,24,1803,0,34.6,36.3
609090,18,2002,0,79.8,80.6
609091,36,800,1,87,72.5
609092,11,901,0,63.2,55.8
609093,10,1000,1,89.8,79.1
609094,14,2003,1,37.7,38.3
609095,28,2001,0,84.7,49.2
609096,13,1000,0,47.9,54.8
609097,31,1802,0,71.6,51.6
609098,11,302,0,28.1,46.9
609099,39,1301,1,81,67.3
609100,33,1702,1,60.7,91.8
609101,20,301,0,80.3,77
609102,20,1002,1,17.4,0
609103,1,203,1,64.3,81.1
609104,40,100,0,72.3,49.5
609105,9,500,0,42.3,44
609106,27,301,1,51.1,44.4
609107,20,401,1,82.6,48.2
609108,32,600,1,43,32
609109,18,904,0,88.6,66.6
609110,19,1100,0,57,37.3
609111,37,1002,0,78.8,70.3
609112,35,1303,1,50.3,47.8
609113,34,1200,0,75.9,76.3
609114,38,1702,1,32.8,35.7
609115,3,1800,0,68.4,75
609116,35,501,1,65.9,74.8
609117,12,803,1,64.2,29.5
609118,22,303,1,4.6,0
609119,35,1903,0,71.2,80.6
609120,39,1101,1,80.1,60.4
609121,18,102,0,54.9,37.1
609122,8,1500,0,76.6,62.8
609123,6,1404,0,69,36.5
609124,32,804,0,70.6,54.2
609125,35,1402,0,81,64.5
609126,29,1403,0,72.5,75.7
609127,8,1503,0,71.3,52.8
609128,6,1803,1,59.7,35.8
609129,10,1102,0,89.2,78.7
609130,36,1203,0,66.1,84.3
609131,14,1802,0,65.9,71.8
609132,1,1102,1,41.2,15.5
609133,31,1003,0,83.6,79.9
609134,26,1301,1,81.9,97
609135,3,503,1,20.6,13.1
609136,40,1802,1,15.1,19.3
609137,29,1002,1,73.5,55.5
609138,37,903,0,84.7,69.5
609139,7,1501,0,75.8,72.9
609140,18,1101,0,89.8,100
609141,35,1001,0,56.3,51.7
609142,30,1103,1,55.5,20.7
609143,14,1102,0,64.6,61.8
609144,21,2001,1,57.9,50.8
609145,17,600,1,48.6,70.8
609146,4,1804,0,45.5,20.8
609147,28,102,1,24,19.5
609148,18,903,0,56,11.4
609149,17,1900,0,59.7,27.2
609150,1,200,0,65.8,70.5
609151,23,2002,1,78,70.4
609152,29,1601,0,68.1,44.7
609153,7,801,0,79.6,79
609154,15,1403,0,91.3,100
609155,33,2002,1,74.7,56.1
609156,30,1201,1,50.8,33.9
609157,27,1803,1,24.9,37.7
609158,34,1003,0,50.5,50.2
609159,16,602,1,59.5,59.5
609160,39,703,1,78.5,48.6
609161,22,501,1,24.7,0
609162,9,202,0,53.3,27.3
609163,24,701,1,79.7,77.7
609164,11,1600,1,36,65.2
609165,33,1900,0,77.4,80.9
609166,36,1202,1,17.4,16.9
609167,25,1400,0,78.6,42.1
609168,28,2000,1,87.9,65.2
609169,16,703,1,40.3,68.3
609170,11,1801,1,32,20.4
609171,17,1502,0,75,76.1
609172,24,1303,1,64.6,45.3
609173,1,1302,0,71.5,33.4
609174,2,1701,0,78.5,66.7
609175,14,101,1,66.1,97.7
609176,8,101,1,99.7,95.5
609177,1,503,0,68.6,54.2
609178,12,1701,1,87.6,47
609179,16,1702,0,82.4,54.1
609180,25,1701,0,65.4,56.6
609181,3,1003,1,85.9,63.1
609182,11,201,0,36.4,13.7
609183,33,2001,1,66.3,23.8
609184,30,102,1,40.8,0
609185,10,1403,1,44.7,59.4
609186,17,403,1,54.1,60.1
609187,33,500,0,78.2,75.7
609188,11,801,0,72.5,56
609189,17,1503,0,49.9,30.7
609190,40,1002,1,58.2,49.2
609191,12,1101,1,69,53
609192,35,1300,1,59.2,50.5
609193,21,1503,1,84.8,71.6
609194,8,901,1,79.6,63.6
609195,16,2003,0,85.2,63.5
609196,37,1502,1,53.8,41.9
609197,8,1901,0,69.1,64.5
609198,23,900,0,64,54
609199,4,100,1,73.9,59.9
609200,40,803,0,100,75.6
609201,3,804,0,91.1,83.3
609202,30,1701,0,73.9,71.4
609203,16,302,1,86.9,50.7
609204,37,603,0,71.6,96.1
609205,28,1100,1,80,68.4
609206,30,403,1,46.8,48.1
609207,14,601,0,71.8,71.8
609208,20,303,1,72.4,48.9
609209,31,102,1,66.2,66.9
609210,40,302,0,41.3,7
609211,10,903,0,91.7,94.3
609212,11,1402,0,100,88.8
609213,16,503,0,78.8,75.1
609214,3,1902,1,89.1,57.2
609215,11,1400,1,92.2,87.9
609216,9,1802,1,33.1,24.7
609217,6,804,0,73.3,49.4
609218,38,502,1,58.8,44.7
609219,40,1802,0,94,82
609220,8,301,1,42.1,36.9
609221,16,1702,0,100,100
609222,5,603,0,100,92.7
609223,11,501,1,24.8,3.4
609224,12,1302,1,56.7,19
609225,6,1202,0,69.7,32.5
609226,8,2004,0,87.4,74
609227,15,1303,0,90.8,83
609228,18,303,0,78.8,63.4
609229,30,1200,1,33.8,14.1
609230,20,1801,0,80.1,59.2
609231,11,303,0,68.5,57.1
609232,19,1203,1,4.5,31.6
609233,6,1402,0,100,100
609234,10,1702,0,55.8,54.8
609235,33,103,0,61.8,53
609236,23,2002,1,79.6,64.5
609237,7,101,0,80.2,57.7
609238,12,600,0,48.3,47.4
609239,6,1200,0,81.2,80.7
609240,8,702,0,77.7,55.7
609241,14,1102,1,54.2,10
609242,23,1503,0,60.6,40.2
609243,26,201,0,65.6,41.6
609244,22,1902,1,46.9,52.1
609245,37,1301,0,50.2,50.1
609246,8,1200,1,53.6,93.1
609247,13,103,0,87,61.5
609248,30,103,0,30.5,45.9
609249,15,103,1,54.8,27.4
609250,10,1100,1,59.9,53.2
609251,28,200,0,83.8,62.9
609252,27,1800,0,94.5,94.9
609253,24,1600,0,77.8,66.6
609254,32,202,0,67.1,49.4
609255,27,1203,0,45.6,53.7
609256,5,301,1,38.9,22.4
609257,23,401,0,68.6,79.4
609258,6,603,0,84.1,75.1
609259,35,2004,1,34.2,30.6
609260,33,702,0,20.1,25.4
609261,24,901,1,73.6,63.9
609262,4,400,1,58.4,73.5
609263,21,1301,0,64.4,33.4
609264,17,403,0,68.9,98.5
609265,18,1804,1,59.3,35.2
609266,13,1001,0,24.7,20.7
609267,35,1002,0,87.2,89
609268,16,1404,0,64.2,55.9
609269,32,1404,1,78.5,67.2
609270,5,500,1,100,71.1
609271,17,1900,1,75.2,42.7
609272,12,1600,0,78.4,50.4
609273,6,503,1,58.9,48.9
609274,12,701,1,58.9,45.6
609275,38,1501,1,42.5,35.2
609276,26,401,1,86.9,99.2
609277,32,1100,0,100,85.8
609278,16,503,0,74.5,45.4
609279,1,1502,1,93.4,58.8
609280,25,1503,1,40.4,3.8
609281,7,904,1,34.4,14.7
609282,19,602,1,73.1,61.1
609283,1,100,0,76.9,91
609284,39,2003,1,10,0
609285,11,1002,1,0,0
609286,19,202,1,45.6,58.8
609287,25,400,1,36.2,50
609288,38,803,1,60.5,45.5
609289,28,701,1,74,72.4
609290,35,1700,0,57.6,65.9
609291,19,1800,1,29,9.8
609292,19,1302,0,56.8,41.1
609293,24,802,1,64.6,40.4
609294,17,2004,1,32.2,52.5
609295,13,1601,0,98.1,100
609296,3,904,1,63.2,29.3
609297,32,1200,1,30.6,40.6
609298,19,1900,0,83.6,80.8
609299,40,1400,0,75.5,65
609300,8,102,1,20.3,6
609301,34,1102,1,11.1,0
609302,26,201,0,100,88.8
609303,36,1702,1,100,100
609304,29,1804,1,34.3,7.9
609305,33,1800,1,84,96.6
609306,39,700,0,77.5,37.5
609307,26,904,1,77.4,70.4
609308,39,1102,1,68,71.3
609309,31,601,1,26.7,43.7
609310,34,601,0,72.1,89
609311,17,602,0,70.1,50.1
609312,2,500,1,97.7,49.7
609313,5,1303,1,25.2,23.4
609314,4,901,0,67.1,60.8
609315,2,2004,0,91.8,87.4
609316,37,1703,0,66.1,61.6
609317,29,1200,1,95.6,64.4
609318,23,902,0,85.6,72
609319,27,1400,1,43.7,51.3
609320,23,1001,0,63.7,50.3
609321,3,1503,1,13.7,0
609322,29,900,1,66.5,72.4
609323,2,903,1,71.1,41.5
609324,27,2003,1,58.3,34
609325,38,1801,0,90.4,95.4
609326,32,600,0,67.9,49.4
609327,7,1400,0,82.4,75.7
609328,10,1404,0,30.6,28
609329,36,201,1,34.7,15.6
609330,6,500,1,32.5,30.8
609331,1,200,0,65.2,57.1
609332,28,1601,0,76.6,68.4
609333,27,701,0,72,50.2
609334,23,804,1,92.2,64
609335,20,1300,0,71.5,97.5
609336,25,1002,0,54.2,43.9
609337,37,1404,1,78.1,68
609338,19,401,0,82,78.7
609339,35,1702,0,39.8,35.1
609340,3,1601,0,81.4,78.1
609341,28,903,0,76.6,62.9
609342,38,600,0,69.3,53.4
609343,20,1602,0,66.6,34
609344,3,1401,1,39.4,0
609345,7,803,0,51.5,28.7
609346,8,100,1,24.3,11.5
609347,4,1902,1,22.1,28.8
609348,33,1303,1,24.2,15.4
609349,1,1702,1,6.6,8.6
609350,29,402,0,57.1,60.2
609351,38,502,1,82.4,72.9
609352,15,1600,0,50.7,32.5
609353,1,900,0,88.2,80.2
609354,3,1703,1,60.3,82.8
609355,1,504,1,40.5,0
609356,31,1503,0,81.1,49.4
609357,24,1403,1,44.9,36.6
609358,33,404,1,56,39.8
609359,33,203,0,72.3,76.9
609360,11,1700,1,31.2,26.7
609361,2,1701,0,86.7,66.8
609362,31,1903,0,59.4,72.3
609363,32,1800,1,75.8,59
609364,19,1402,1,64.8,69.1
609365,36,403,0,99.7,85
609366,7,1601,0,60,26.8
609367,18,403,1,39.2,39.2
609368,12,1001,0,94.9,90.6
609369,33,1803,0,37,27.2
609370,35,202,0,70.1,73.5
609371,30,703,0,81.2,85.1
609372,28,1903,1,52.2,52.1
609373,22,200,1,79.3,50.7
609374,33,1103,0,56.1,64.3
609375,10,200,1,32.5,29.7
609376,7,1202,0,100,84.9
609377,14,804,1,53.4,53.8
609378,35,1103,1,74.5,68.9
609379,36,203,0,50.5,61
609380,17,2002,0,61.5,63.2
609381,11,702,0,71.8,61
609382,20,503,1,82.8,74.5
609383,36,302,0,67.5,73.4
609384,3,601,1,86.9,64.6
609385,20,301,1,68.9,72.6
609386,23,1702,0,60.3,65.3
609387,7,1503,0,15.3,22
609388,18,602,1,83.5,35.8
609389,29,1901,1,23.2,31.2
609390,21,402,1,52.4,49.9
609391,18,1001,1,51.7,18.8
609392,36,1903,0,52.8,43.1
609393,26,500,1,35.2,5.8
609394,5,1702,0,41.3,40.9
609395,22,600,0,71,49.6
609396,22,1903,0,79.6,75.9
609397,35,803,0,100,84.6
609398,18,601,1,19.8,0
609399,15,1602,1,82.7,76.9
609400,17,1703,0,60.3,52.6
609401,34,703,1,61.6,84
609402,24,400,0,38.2,22.1
609403,15,504,0,65.3,44.8
609404,33,103,1,12.7,8
609405,24,403,1,50.3,29
609406,19,1804,1,58.3,19.8
609407,25,403,0,84.6,77.9
609408,24,501,0,79.2,73.5
609409,23,1703,1,28.3,0
609410,15,1703,0,55.7,83.6
609411,26,401,1,56.1,50.4
609412,7,1302,0,69.9,64
609413,8,1203,1,40.5,42.2
609414,1,504,0,68.3,48
609415,37,803,0,77.4,69.7
609416,1,1103,0,78.8,47.5
609417,2,402,1,75.7,66.6
609418,38,2000,0,53.3,61.8
609419,29,1900,1,58.1,46.3
609420,11,1901,0,65.6,45.5
609421,5,2002,1,31.7,42.7
609422,15,1501,0,81.7,90.2
609423,23,203,0,61.7,79.5
609424,35,1900,0,86.9,93.2
609425,10,1501,0,66,67.5
609426,23,100,0,78.8,85.7
609427,19,1703,0,100,69.2
609428,28,601,1,47.5,19.9
609429,25,1802,1,72.7,50
609430,40,500,1,13.4,9.1
609431,25,502,1,77.2,71.8
609432,26,401,1,22.3,8.3
609433,27,403,0,88.1,58.3
609434,32,1900,0,43.5,45.3
609435,8,1904,0,42.5,32.2
609436,31,1302,0,87.3,69.6
609437,34,600,1,62.4,38.6
609438,16,1802,0,66.6,62.8
609439,22,101,0,50.7,55.8
609440,31,101,1,44.1,46.7
609441,15,1102,1,77.4,60.3
609442,1,803,1,45.7,8.4
609443,35,1102,0,66,86.7
609444,24,1401,0,45.1,34.3
609445,33,1300,0,69.4,90.5
609446,8,504,1,29.8,18
609447,13,1901,0,56.7,33.8
609448,23,900,1,82.7,74.1
609449,36,303,0,76.6,42.7
609450,2,602,0,55.7,30
609451,35,1302,1,53.3,31.7
609452,23,904,0,85.5,76.7
609453,24,1400,0,67.9,52.6
609454,37,1000,1,37.6,61.1
609455,24,1003,0,92.8,63.7
609456,4,500,0,70.6,58.3
609457,17,1803,0,58,32.9
609458,8,904,0,72,65.6
609459,4,1802,0,77.7,67.6
609460,31,1803,1,53.2,21.2
609461,23,1300,1,57.5,46.8
609462,13,502,1,68.5,61.5
609463,24,1903,0,42.6,37.5
609464,22,202,0,49.5,28.7
609465,11,504,1,34,7.5
609466,11,1503,1,49.9,21.9
609467,21,1403,1,66.9,100
609468,4,202,0,72.9,51.4
609469,5,1601,1,66.3,86.1
609470,21,804,0,62.7,66.2
609471,20,1703,1,97.6,100
609472,16,1302,0,75.8,96.3
609473,15,401,1,89.5,80.5
609474,14,103,0,49.9,39.9
609475,29,602,0,62.7,43
609476,10,1703,0,83.9,69.6
609477,29,1102,0,51.1,19.8
609478,27,1702,1,51.6,28.4
609479,30,1003,1,81.5,56
609480,16,1904,0,55.5,55.5
609481,40,800,0,72.3,61.3
609482,5,1003,0,90.6,74.8
609483,32,1100,0,81.8,99.2
609484,26,1300,1,24.8,34.8
609485,2,401,0,98.1,67
609486,13,1802,1,38.7,37.2
609487,9,703,0,84.1,76.2
609488,38,103,1,72.2,92.5
609489,26,300,0,76.7,78.5
609490,8,403,0,51.7,66.1
609491,21,1502,0,80.6,66.1
609492,23,1302,0,69.4,78.2
609493,39,1403,0,69.2,56.9
609494,17,1701,1,0,2.9
609495,6,202,0,72.9,59.7
609496,1,1600,1,68.2,72.6
609497,11,401,0,100,100
609498,5,1103,0,98.4,52.7
609499,34,1400,1,64.8,49.2
609500,40,101,1,68.8,54.2
609501,24,800,0,92.9,64.6
609502,39,1201,0,73.4,63
609503,35,1003,1,39.8,17.4
609504,26,1402,1,16.2,19.9
609505,37,1503,0,53,34.3
609506,29,1803,0,100,93.3
609507,9,1203,0,86,71.6
609508,23,403,0,35.3,37.4
609509,9,802,0,76.4,88.2
609510,34,900,0,55,55.8
609511,18,202,0,63.1,61.5
609512,4,1802,0,80.4,84
609513,19,1700,1,76.8,74.4
609514,21,1103,1,49.3,16.8
609515,40,702,0,68,30.8
609516,37,300,0,57.9,54.3
609517,30,303,1,52.2,24.5
609518,1,1501,1,72.4,65.5
609519,1,904,1,100,100
609520,6,501,1,23.1,0
609521,21,401,1,68.1,93.5
609522,4,1203,0,100,100
609523,11,1302,0,48.8,54.3
609524,39,1700,1,57.3,66.8
609525,20,1100,1,57.4,56.7
609526,9,1001,1,46.4,38.2
609527,3,1600,1,29.9,32.7
609528,22,903,0,38.8,33
609529,4,1401,0,80.7,57.3
609530,29,203,0,60.8,67.1
609531,28,1403,0,97.5,100
609532,35,1402,1,53.4,52.7
609533,16,901,0,63.2,54.5
609534,31,1201,0,86.6,84
609535,7,1302,1,37,43.9
609536,8,1801,0,57.3,43.4
609537,12,103,1,3.6,0
609538,34,701,1,57.8,61.5
609539,12,200,1,31.8,21.3
609540,39,300,0,94.5,64.6
609541,22,1300,0,78.6,76.9
609542,8,1803,1,52.4,21.8
609543,4,700,0,94.1,58.3
609544,26,501,1,42.6,48.9
609545,9,1100,1,58.3,75.8
609546,40,1402,0,29,27.2
609547,17,1600,1,45.9,7.1
609548,37,700,0,49.6,36
609549,6,1800,1,52.5,35.8
609550,36,600,0,67.4,55.8
609551,22,1001,0,57.4,50.7
609552,31,603,1,78.6,42
609553,33,1502,0,55,35
609554,27,1402,1,36.6,2.4
609555,22,1103,1,27.7,21.9
609556,38,501,1,40.4,72.9
609557,3,1202,1,37.5,0
609558,8,203,1,28.7,38.8
609559,33,1303,1,59.4,62.2
609560,27,1601,0,57.3,54.1
609561,37,1400,1,33.5,9.8
609562,40,602,1,72.5,60.4
609563,22,1701,0,80.9,75.8
609564,7,1100,1,83.7,85.1
609565,3,1200,1,24.4,27.9
609566,18,504,0,61,41.8
609567,9,1903,1,1.2,6.4
609568,7,901,1,100,88.1
609569,22,703,0,59.5,45.4
609570,27,1800,0,62.2,56
609571,9,401,1,0,0
609572,21,502,1,47.7,77.6
609573,11,303,1,72.9,43
609574,17,101,1,24.4,8.4
609575,8,503,1,50,33.9
609576,9,302,0,100,95.1
609577,19,801,1,24.9,32
609578,26,1900,0,91.6,76
609579,28,800,0,58,51.5
609580,2,602,0,40.8,17
609581,24,300,1,72.8,74.8
609582,9,404,0,64.3,71.9
609583,32,903,1,30.1,7.7
609584,15,103,0,66.7,48.7
609585,14,202,0,65.1,29.1
609586,20,1602,0,48.6,24.3
609587,18,1403,1,85.5,85.7
609588,28,400,0,66.9,54
609589,37,1800,1,100,97.9
609590,31,1702,0,87.1,77.8
609591,30,1501,0,46.8,37.6
609592,5,101,0,73.6,60.4
609593,15,504,1,13.8,3
609594,10,504,1,7.5,0
609595,14,703,1,9.7,0
609596,17,801,0,100,97.5
609597,31,1302,0,80.3,68
609598,10,700,0,54.8,69.7
609599,37,1302,0,63,59.8
609600,28,1003,1,58.7,60.6
609601,35,501,1,65.4,42.8
609602,13,301,1,50.9,46.8
609603,30,1102,0,95.3,94.3
609604,8,803,1,27.7,12.7
609605,17,100,1,48.5,26
609606,8,904,1,90.3,77.1
609607,17,300,1,61.2,75.2
609608,4,1902,1,44,42.3
609609,34,1502,0,26.2,29
609610,17,2004,0,35.7,23.7
609611,31,1002,1,35.4,26.1
609612,17,1003,1,61.4,54.2
609613,30,1903,0,60.3,66.6
609614,5,402,1,86,92.9
609615,19,1102,1,23.6,0
609616,12,300,1,52.6,11.9
609617,18,1401,1,100,63.8
609618,17,803,1,59.2,37.5
609619,24,502,0,100,95.8
609620,5,1702,1,68.2,38.5
609621,7,1300,1,25.6,19.2
609622,23,2001,0,82,94.9
609623,22,2000,0,76.8,62.4
609624,40,1601,0,76,86.2
609625,16,1404,0,64,54.9
609626,15,2004,1,58.8,32.1
609627,25,802,0,81,69.4
609628,14,1700,0,58,61.2
609629,30,1901,1,66.1,70.7
609630,28,101,1,67.1,22.9
609631,19,504,1,30.9,11.3
609632,39,1800,1,68.2,58.7
609633,15,500,1,43.9,21.5
609634,29,1103,1,72.8,82
609635,29,1702,1,51.7,35.4
609636,4,1502,0,79,78.8
609637,13,1804,1,67.4,40.8
609638,26,1802,1,34,34.1
609639,19,1203,1,73.3,75.2
609640,40,500,1,70.9,55.2
609641,10,1202,0,85.7,94.6
609642,1,802,1,47.7,27.5
609643,6,1900,1,38.2,29.2
609644,33,900,0,74.4,58.2
609645,10,2002,0,45.7,39.5
609646,31,1103,0,43.6,29.3
609647,6,1302,1,62,49.9
609648,6,1601,0,62.1,65.3
609649,28,701,1,90.3,49.1
609650,33,1801,0,82.6,79.6
609651,27,402,0,47.4,46.5
609652,10,1404,0,95.4,80.9
609653,34,1904,0,54.7,34.2
609654,13,201,1,34.2,49.2
609655,33,603,0,42.8,34.3
609656,25,1703,1,78.8,60.6
609657,11,1700,0,79.2,81.2
609658,19,1400,1,54.8,41.9
609659,26,1201,1,82.9,100
609660,18,1002,0,100,82.2
609661,23,400,0,100,81
609662,7,702,0,100,100
609663,36,1001,1,14.5,1.7
609664,6,1900,0,64,68.5
609665,39,1301,0,74.2,93.8
609666,2,1101,1,23.8,22.4
609667,7,1402,1,44.2,31.4
609668,4,2000,0,51.2,29.2
609669,28,1902,0,69,44.2
609670,28,801,1,77.1,78.5
609671,20,800,1,45.8,32.2
609672,12,1400,0,63.7,49.1
609673,15,301,0,83.1,88
609674,17,300,1,63.7,65.4
609675,33,602,1,59.8,71.2
609676,4,401,1,78.5,74.1
609677,36,1803,0,65.2,62.7
609678,26,1404,1,48.7,83.6
609679,22,1002,0,87.5,88.3
609680,22,1202,1,100,54.2
609681,31,1503,1,34.2,44.2
609682,7,300,1,50.7,46.3
609683,8,702,1,21.8,0
609684,35,1103,1,73.8,77.7
609685,23,1803,0,67.8,45.9
609686,17,102,1,70.7,63.9
609687,26,302,0,64.6,64
609688,40,303,0,65.5,64.4
609689,2,1803,0,68,32.5
609690,26,1703,0,99.7,79.6
609691,13,1803,1,6.2,0
609692,19,1203,0,71.1,79.9
609693,11,502,1,30.3,38.8
609694,13,904,0,87.3,61.6
609695,39,600,0,65.4,54.8
609696,21,1002,1,97,99.4
609697,27,1600,0,80.6,93.5
609698,26,1203,1,75.2,70.6
609699,20,1102,1,68.6,46
609700,15,1700,0,88.2,100
609701,7,1302,0,68.7,38.2
609702,25,1203,1,5.4,14.4
609703,39,1900,1,93.3,89.9
609704,15,1600,0,59.8,63.1
609705,9,1401,0,60.2,86
609706,20,202,1,38.5,0
609707,22,1101,1,19.1,22.9
609708,39,402,1,57.3,46.9
609709,27,101,1,82.5,95.7
609710,16,1800,0,75.7,68.3
609711,7,100,0,71.6,59.1
609712,31,803,0,67,50.4
609713,26,1901,1,2.7,0
609714,36,502,1,66.8,44.3
609715,32,1502,1,18.8,4.9
609716,16,1203,1,49.2,40
609717,38,1201,1,38.3,0
609718,35,1700,0,79.1,72.7
609719,1,2003,1,80.5,69.4
609720,20,202,1,100,100
609721,24,1300,0,47,28.4
609722,28,1502,0,47.6,40.3
609723,21,802,1,82.4,63.4
609724,6,903,1,28.9,25.4
609725,35,1501,0,58.9,34.8
609726,31,400,1,25.2,39.9
609727,39,300,0,56.4,58.3
609728,12,2004,0,45.4,7.1
609729,28,800,1,33.1,39.9
609730,33,103,1,68.1,43.1
609731,4,1003,0,85.6,66.3
609732,35,2003,1,59.6,72.9
609733,8,703,0,73.7,55.8
609734,28,601,1,38.8,30.5
609735,16,1503,0,83.6,79.2
609736,14,201,0,73.8,45.4
609737,31,1101,1,20.6,4.8
609738,16,1100,1,40.9,37.4
609739,26,703,0,46.4,29.2
609740,29,904,1,81.9,88
609741,38,1902,1,46.4,29.8
609742,20,502,1,50.5,30.1
609743,9,504,1,83.6,89.5
609744,39,303,0,67.6,77.1
609745,36,502,0,89.4,52.7
609746,18,803,0,79,64.1
609747,13,202,0,100,100
609748,20,1303,0,85,86.3
609749,28,2004,1,49.2,27.1
609750,4,1802,0,28.1,8.3
609751,7,1402,1,43.7,39.3
609752,24,801,1,54.8,45.7
609753,37,1803,0,91,79.5
609754,14,403,0,60.3,33.9
609755,6,1202,1,77.9,78.6
609756,14,901,0,81.3,92
609757,2,1302,1,100,97.6
609758,31,1303,1,13.4,0
609759,21,1703,1,32.8,25.9
609760,31,1002,1,59.7,76
609761,9,2001,0,31.2,22.4
609762,17,802,0,93.9,64.4
609763,29,1300,0,66.8,45.6
609764,11,2001,0,55.3,50.1
609765,7,1804,1,88.7,81.1
609766,37,1201,1,18.1,0
609767,3,600,1,100,100
609768,23,201,0,49.8,56.2
609769,39,1103,0,65.5,65
609770,34,100,0,93.3,98.4
609771,4,1003,1,71.7,39
609772,6,703,1,20.5,29.8
609773,22,1403,1,61.1,42.3
609774,11,803,1,100,93.1
609775,38,1002,1,54.8,31.5
609776,33,1804,1,58.3,90.5
609777,15,1202,0,100,97
609778,13,1803,0,46.9,25
609779,12,1902,0,59.4,54
609780,8,2002,0,70.5,69.4
609781,32,1201,1,75.8,100
609782,7,301,0,89.5,80.5
609783,11,1301,1,72.6,65.9
609784,21,1202,0,70.3,39.5
609785,40,903,1,66,31.9
609786,21,202,1,4.4,0
609787,11,1400,0,76.8,72.3
609788,25,501,0,41.2,40.7
609789,38,1601,0,73.8,76.5
609790,32,1904,0,73.5,68.5
609791,1,804,0,66.5,55
609792,37,602,0,80,89.7
609793,22,702,1,91,69.7
609794,33,101,1,80.5,58.2
609795,16,500,0,69.7,44.8
609796,19,1401,0,61.1,46.4
609797,2,1503,0,74.6,64.4
609798,39,502,0,100,100
609799,32,601,1,86.6,63.8
609800,35,702,0,70.4,43.4
609801,19,402,0,93.4,71.5
609802,12,1403,0,55.2,30.5
609803,34,700,1,55.8,66.3
609804,21,1804,1,4,0
609805,35,2002,0,86.1,98.5
609806,26,302,0,93,70.6
609807,10,802,1,29.8,55.8
609808,10,1100,0,60.4,65.9
609809,33,1501,1,72.8,50
609810,30,501,0,78.3,70.8
609811,19,800,0,66.9,61.7
609812,14,1302,1,0,0
609813,15,300,0,71.6,61.8
609814,5,1802,1,55.9,66.8
609815,28,1100,0,64.8,57.2
609816,35,501,1,75.5,78
609817,10,1702,0,76.9,65.5
609818,25,803,0,84.7,64.1
609819,36,300,1,74,87.5
609820,7,101,1,43.2,40.6
609821,10,1503,0,63.6,40.1
609822,3,1002,1,24.3,14.6
609823,10,1103,1,95.9,85.4
609824,17,1804,0,55.3,47.1
609825,36,1401,1,60.3,50.7
609826,35,801,0,100,79.8
609827,16,2000,0,66.7,68.8
609828,17,1803,1,92.2,94.1
609829,22,404,0,100,100
609830,39,901,1,0,0
609831,38,502,1,57.4,44.5
609832,31,1000,1,23.6,4.3
609833,1,804,1,72,59.8
609834,5,2004,1,97.2,80.5
609835,37,1503,0,67.8,59
609836,13,901,0,68.6,48.8
609837,33,1404,1,96.7,100
609838,31,500,1,44.5,14.9
609839,25,1300,1,26.6,38.7
609840,20,1903,0,74.5,71.5
609841,33,302,1,93.2,68.2
609842,40,1201,0,61.8,81.7
609843,37,1702,1,26.2,0
609844,34,804,1,34.3,25.1
609845,16,1802,0,100,76.8
609846,39,1804,0,76.6,73
609847,4,600,1,84.3,61.4
609848,25,2002,0,72.1,54.9
609849,2,1602,1,56.4,13.7
609850,2,102,0,60.2,37.5
609851,38,1101,0,98.2,69.8
609852,21,1503,1,76.7,95.4
609853,24,404,1,100,100
609854,5,402,1,35.4,55.1
609855,11,1101,1,31.6,24.6
609856,30,1403,0,55.9,36.4
609857,28,303,1,15.6,10.3
609858,20,1401,1,16.4,0
609859,29,1302,1,48.9,7.2
609860,21,1202,1,32.9,8.2
609861,14,1201,1,23.8,3.8
609862,33,401,1,56.4,46.1
609863,32,904,0,58.3,40.1
609864,30,203,1,40.5,33.2
609865,19,804,0,85.9,58.2
609866,24,700,1,0,0
609867,38,1102,0,81.6,97.5
609868,2,800,1,53,49.2
609869,36,200,1,61.1,39.7
609870,22,603,0,100,100
609871,32,400,1,31.8,4.3
609872,17,503,0,55.3,41.6
609873,15,700,0,94.1,65.3
609874,4,1701,0,63.7,91.8
609875,29,1902,0,71.2,56.8
609876,14,1501,1,47.4,80.6
609877,8,1401,0,93.5,100
609878,9,701,0,100,97.7
609879,17,1900,1,60.3,53.9
609880,22,101,1,59,26.4
609881,13,1702,0,93.9,71.1
609882,35,1303,1,48.3,41
609883,35,601,0,70.9,31.8
609884,26,1803,1,34.8,44.2
609885,16,200,0,44.9,40.6
609886,17,700,0,75.4,27.5
609887,23,703,1,48.3,53
609888,1,803,1,40.9,22.4
609889,2,602,0,86.8,100
609890,9,1103,0,70.8,57.5
609891,37,902,1,77.7,63.6
609892,20,202,1,71.5,70.5
609893,35,900,1,70.6,66.7
609894,35,1502,0,46,34.2
609895,3,1800,1,39,38.6
609896,6,400,0,78.6,61.7
609897,6,904,1,58,23.4
609898,1,1602,0,71.7,85.9
609899,24,1601,1,52.4,58.3
609900,24,700,1,17.4,0
609901,13,502,0,66.8,29.3
609902,9,700,1,48.2,81.1
609903,2,404,1,63.5,41.7
609904,26,1802,1,29.8,0
609905,23,1102,0,52,52.9
609906,40,700,1,27.1,19.3
609907,9,804,1,60.9,61.7
609908,9,1001,0,54.1,13.9
609909,32,400,1,100,100
609910,22,1602,0,35.1,15.3
609911,8,100,0,68.6,78.4
609912,16,100,0,92.7,100
609913,17,1904,0,87.7,53.1
609914,15,402,1,70.2,63.3
609915,2,1201,0,58.9,55.6
609916,35,801,1,44.3,0.9
609917,34,1300,1,57,29.6
609918,26,903,0,83.9,59.4
609919,28,1801,0,73.8,75.6
609920,8,1602,0,96.2,100
609921,6,1902,0,76,65.3
609922,22,1002,0,84.3,50.1
609923,26,800,1,16.7,1.2
609924,30,402,0,58.2,75.4
609925,13,1800,0,89.2,77.3
609926,10,1401,0,77.9,62.9
609927,13,1601,1,18.4,18.2
609928,20,2003,0,65.2,48.3
609929,7,1403,0,97.9,85.8
609930,14,1003,1,30.5,18.5
609931,25,1302,1,45.3,35.6
609932,25,500,0,48.4,28.2
609933,9,1500,0,38.7,35.1
609934,35,602,1,55.1,49.6
609935,30,702,1,79.4,50.4
609936,33,902,1,19,1.1
609937,30,1100,1,29.5,41.5
609938,40,1503,0,75.5,76.8
609939,21,1702,0,75.1,74.8
609940,22,1002,0,36,56
609941,13,303,0,83.5,72.2
609942,39,900,0,40.2,24.2
609943,21,1103,0,99.2,69.6
609944,2,1502,1,49.4,37.6
609945,25,600,0,78.6,66.7
609946,13,603,1,59.9,50.3
609947,6,902,1,82.1,68.1
609948,6,1404,1,93.5,85.7
609949,12,903,1,25.3,0
609950,3,1203,1,8.6,0
609951,38,1600,0,71.6,78.4
609952,34,2002,1,45.6,17.9
609953,11,1403,1,90,100
609954,16,1404,0,53,33.1
609955,3,503,1,30.7,34.9
609956,19,403,1,21.6,27.1
609957,30,1702,1,59.9,69.3
609958,27,1602,0,35.1,26.4
609959,25,503,1,11.2,14.8
609960,17,1602,0,67.5,38.8
609961,31,1602,1,100,96.6
609962,12,1201,1,65.5,32.4
609963,26,1101,0,62,57.6
609964,40,601,1,45.1,10.6
609965,6,1203,1,49.3,0
609966,9,1700,1,67.5,67.3
609967,34,1000,1,45.3,20.8
609968,10,502,1,70.4,82.3
609969,2,1602,0,60.7,58.5
609970,34,504,0,63,46.1
609971,4,1202,1,55.1,50.7
609972,1,1701,1,52.5,40.9
609973,5,300,1,47.2,38.5
609974,24,1401,1,70.5,78.9
609975,24,1003,0,70.2,51.3
609976,40,200,0,74.3,56.5
609977,32,1303,0,51.3,49.8
609978,35,702,1,46.3,17
609979,25,1702,1,61.1,67.3
609980,20,1202,1,80.7,71.4
609981,24,803,0,75.9,72.8
609982,38,503,0,86.2,54.1
609983,4,702,1,83.2,68.9
609984,35,700,0,64.9,63.8
609985,13,402,1,100,100
609986,11,1502,1,41.6,14.5
609987,23,1200,0,76.2,74.1
609988,12,1303,1,8.6,0
609989,4,600,1,66,35.9
609990,39,401,0,100,84
609991,36,1300,1,85.3,53.3
609992,27,1602,1,81,92.3
609993,11,302,1,71.8,43.4
609994,10,1801,1,69.8,66.7
609995,4,1403,0,46.1,31.2
609996,4,302,1,2.9,0
609997,19,1904,0,67.7,48.8
609998,4,1403,1,50.5,40.5
609999,37,1700,1,93.8,72
610000,10,2002,1,65.3,58.1
610001,5,1502,1,0,0
610002,25,601,0,66.8,68.4
610003,24,1601,1,56.8,52.3
610004,8,1400,0,100,76.6
610005,19,903,0,61.6,45.4
610006,33,1200,0,60.1,64
610007,31,301,1,52.2,26.4
610008,40,101,1,14.4,0
610009,4,1301,0,71.9,82.7
610010,19,1903,0,94.6,100
610011,22,1502,0,57.6,80.3
610012,9,1303,1,73.1,62.2
610013,21,1001,1,61.1,83.8
610014,17,901,0,48.5,53.5
610015,21,100,0,59.7,27.3
610016,8,1900,1,33.6,0
610017,24,203,0,55.8,75
610018,29,802,0,88,66.8
610019,20,101,0,68.6,66.5
610020,36,500,1,60.1,35.2
610021,1,202,0,59.7,54.3
610022,12,1200,1,12.5,0
610023,2,503,1,85.1,57
610024,16,1703,0,70.9,61
610025,12,1501,0,77.7,100
610026,4,102,0,82.7,62.4
610027,5,1602,0,50.1,32.7
610028,30,1200,1,8.7,2.3
610029,40,800,0,61.6,35.2
610030,36,2002,0,73.4,72.6
610031,18,300,0,82.6,61.1
610032,32,1901,1,79.9,93.1
610033,24,1500,1,89.7,94.9
610034,33,1101,0,51.4,53.8
610035,2,1404,1,100,100
610036,22,1300,1,36.6,16.5
610037,23,1801,1,68,41
610038,28,1200,1,44.9,23.6
610039,27,800,1,71.3,0
610040,40,1201,0,55.7,42.8
610041,26,1303,0,73.1,71.8
610042,6,1602,0,82.3,76.1
610043,26,1802,0,75.1,56.8
610044,40,1003,0,50.5,55.9
610045,26,1402,0,66.5,77
610046,10,602,0,36,41.6
610047,25,1701,0,56.8,58.8
610048,22,301,0,60.5,34.2
610049,23,1501,0,31.4,28.4
610050,9,1803,0,64.8,47.2
610051,19,603,0,68.2,78.4
610052,25,301,1,86.9,100
610053,16,402,0,73.5,71.6
610054,27,402,0,100,88.2
610055,10,202,0,44.6,22
610056,22,1101,0,67.5,43.4
610057,32,1600,0,65.2,57.6
610058,29,300,1,65.8,46.1
610059,32,1200,0,73.8,56.1
610060,18,1302,1,100,100
610061,15,501,0,64.6,67.4
610062,14,1903,0,60.8,93.4
610063,14,200,1,78.7,65.2
610064,36,1703,1,51.8,66.9
610065,20,1901,1,96.6,41.6
610066,24,1101,0,20.3,0
610067,18,1600,1,75.5,84.7
610068,5,1402,1,70.2,62.8
610069,18,1900,0,69.1,52.1
610070,6,701,0,58.4,46.6
610071,38,303,1,26.6,13.7
610072,10,201,1,23.5,7.6
610073,9,500,0,35.7,15.9
610074,6,1300,1,74.1,46.5
610075,8,2002,0,100,97.5
610076,5,1203,1,11.4,0.4
610077,19,2002,0,68.2,60.8
610078,33,1401,1,47.9,44.3
610079,29,703,0,100,100
610080,14,501,1,63.1,53.7
610081,7,200,0,84.8,60.8
610082,38,503,1,49.8,27.7
610083,39,1200,0,56.4,50.6
610084,21,603,0,84.5,65.5
610085,19,1500,0,54.7,44.5
610086,39,1601,0,22.4,10.7
610087,20,1303,1,68.3,63.3
610088,36,802,0,29.6,14.5
610089,28,100,1,40.7,26.2
610090,9,1903,0,78,77.9
610091,30,1600,0,97,82.4
610092,30,1702,1,69.4,49.1
610093,31,404,0,53.6,23.3
610094,25,2001,0,65.8,80.3
610095,28,1601,0,53.6,46.6
610096,1,1602,0,60.8,49
610097,37,2002,0,55.6,16.9
610098,30,402,0,45.7,51.2
610099,8,2002,1,100,100
610100,24,103,0,43.2,33.3
610101,6,902,0,70.2,92
610102,14,1103,0,100,100
610103,25,500,0,71.6,76.9
610104,30,103,0,89,74.1
610105,22,1903,0,55.1,28.3
610106,4,1203,0,100,96.8
610107,17,1000,1,42.5,7.4
610108,6,303,1,90.1,88.2
610109,33,1901,0,76.8,63.4
610110,35,2000,0,58.4,42.3
610111,39,1800,1,9.1,0
610112,36,601,1,76.2,64.3
610113,25,800,1,75.1,74.4
610114,10,1904,1,85.2,44.1
610115,3,1904,1,60.7,66.2
610116,27,303,1,30.4,0
610117,3,302,0,17.5,24.5
610118,5,1501,1,41.4,37.2
610119,30,1600,0,70.9,72.3
610120,5,603,0,51.5,61.6
610121,14,103,0,79.7,74
610122,21,1501,1,0,0
610123,15,702,1,64.4,73.6
610124,10,1301,1,78.2,88.1
610125,9,1201,1,60.5,36.6
610126,34,403,1,99.8,55.8
610127,30,703,0,69.1,77.1
610128,20,1302,1,59.1,58.7
610129,37,503,0,71.1,64
610130,33,1000,1,76.2,57.9
610131,20,1703,0,53.8,40.5
610132,28,1503,0,56.9,38.8
610133,36,1701,1,23.1,0.3
610134,40,801,0,69.8,85.5
610135,17,903,1,44.7,31.4
610136,10,500,1,48.1,16
610137,24,1804,1,50.8,65.1
610138,38,501,1,55.7,47.9
610139,33,1500,0,82.5,61.7
610140,17,1202,0,88.3,80
610141,40,102,0,60.5,32.5
610142,1,1902,1,92,57.3
610143,17,2001,0,45.8,34.9
610144,35,1501,0,60.7,49.5
610145,25,401,0,46.5,28.9
610146,22,1901,1,46.1,46.2
610147,11,802,0,84.9,76.1
610148,11,300,1,81.1,47.9
610149,19,1400,0,86.8,95.3
610150,20,1901,0,66.5,41.4
610151,6,800,0,50,45.8
610152,18,1804,0,58.7,36.4
610153,20,1203,1,31,14.9
610154,28,601,1,37.4,66.2
610155,4,1800,1,18.5,0
610156,34,1103,1,21.3,2
610157,20,1103,0,54.4,30.9
610158,15,1401,0,64.7,71.6
610159,27,1202,1,75.1,78.4
610160,20,603,0,93,66.9
610161,36,1101,1,53.1,0
610162,17,101,1,62.3,51.3
610163,9,1901,1,43.2,45.2
610164,18,800,0,100,100
610165,6,1703,0,84.5,74.2
610166,27,1602,0,75,79.4
610167,31,1100,0,86.9,55.8
610168,33,1102,1,28.1,60.6
610169,9,202,0,63.3,78.1
610170,38,1202,0,85.1,85.9
610171,13,502,0,75.6,87.7
610172,9,1404,0,77.1,74.3
610173,32,503,0,65.2,56.5
610174,18,701,1,64.6,48.6
610175,17,2004,0,95.2,89
610176,18,1500,1,70.9,85.9
610177,21,2003,0,37.1,9.5
610178,22,2003,1,65,62.5
610179,11,503,0,80.4,68.6
610180,2,1000,0,56.3,57.4
610181,23,1802,1,68.9,50.6
610182,6,1601,0,100,99.1
610183,1,902,0,77.3,73.9
610184,22,1702,1,77.4,49.3
610185,3,1103,1,42.8,0
610186,27,101,0,67,36.9
610187,15,303,0,100,100
610188,24,1302,0,60.1,54.7
610189,24,804,1,28.2,10.6
610190,34,202,0,82.4,75.5
610191,36,1201,1,42.8,22.3
610192,21,501,0,69.5,34.7
610193,23,1803,0,69.7,67.1
610194,17,1301,0,52.7,50.8
610195,38,504,0,69.5,61
610196,2,603,0,87,84.4
610197,27,402,0,96.9,95.6
610198,23,1904,0,36.1,10.1
610199,3,1502,0,32.5,22.3
610200,9,703,1,63.7,23.3
610201,36,1404,1,98.3,100
610202,23,202,1,77.7,89
610203,31,500,0,75.9,61.1
610204,27,804,0,51.2,25.1
610205,5,504,0,57,38.9
610206,9,1800,1,73.8,52.8
610207,24,1702,1,46.3,13.6
610208,19,800,1,80.5,99.5
610209,5,1804,1,80.2,60.2
610210,32,1800,1,64.9,32.5
610211,38,2000,0,67.3,70.8
610212,14,1003,1,54.6,58.1
610213,21,1002,0,55.7,49.9
610214,20,500,0,65.8,39.6
610215,36,202,1,72.9,67.7
610216,32,101,0,70.1,51.2
610217,37,2001,0,56.8,41.8
610218,6,1602,0,54.8,52.7
610219,19,1000,1,45.3,30.7
610220,3,1701,1,33,12.2
610221,29,1000,1,26.6,34.8
610222,21,800,1,69.6,66.6
610223,11,501,0,78.1,86.1
610224,11,1303,1,66.8,8.6
610225,4,1900,0,60.9,23.3
610226,19,1501,1,3.4,0
610227,24,1700,1,45,37.5
610228,20,504,1,49.4,22.6
610229,32,402,1,76.2,71.2
610230,10,502,1,98.7,100
610231,1,101,0,79.4,73.9
610232,39,1600,0,82.2,100
610233,33,1902,1,37.4,36.5
610234,3,1202,1,61.8,45.7
610235,40,603,1,91.2,87
610236,32,403,0,100,100
610237,6,903,0,77.4,64.3
610238,26,900,0,96.4,73.9
610239,25,1503,0,88.8,58.9
610240,28,903,1,54.8,9.8
610241,26,600,0,83,66
610242,17,504,1,67.5,45.2
610243,11,1902,0,89.4,78.4
610244,39,2003,1,28.6,0
610245,7,201,0,76.1,100
610246,7,1001,0,56.1,57.1
610247,12,902,1,70.2,56.9
610248,3,804,0,60.1,54.7
610249,37,1500,1,27.2,1.4
610250,27,1001,0,100,82.2
610251,29,1000,1,31.8,39.5
610252,14,1804,0,83.9,63.5
610253,19,200,0,71.4,54.7
610254,15,1402,1,75.8,63.7
610255,18,1800,0,66.3,73
610256,14,1002,0,25.4,32
610257,16,403,0,94.5,91.3
610258,14,701,1,49,54.7
610259,8,702,1,92.5,69.1
610260,3,602,1,47.3,28.2
610261,37,404,0,66.4,56.5
610262,19,2000,0,69.5,70.9
610263,28,2001,0,97.8,59.3
610264,40,200,0,75.1,61.3
610265,36,601,1,68.5,61.2
610266,19,402,0,86.2,37.8
610267,6,1801,1,92.3,49.5
610268,36,2002,1,28,11.8
610269,30,501,0,73.3,62.1
610270,31,602,1,82.9,54.2
610271,39,904,0,64.9,53.7
610272,34,1000,0,62.7,71.3
610273,19,1703,0,51.7,51.4
610274,24,1000,0,66.6,41.4
610275,39,1200,1,20.5,0
610276,21,303,0,65.9,64.2
610277,39,1000,1,60.6,37.3
610278,19,803,0,41.2,23
610279,38,1904,1,61.8,51.6
610280,25,1000,1,30.6,26
610281,19,602,1,63.8,63.7
610282,39,1404,0,70.8,68.8
610283,12,400,0,99.7,100
610284,15,1404,0,100,80.5
610285,2,1101,0,76.1,65.5
610286,25,1100,0,51.3,31.4
610287,16,1200,0,73.8,67.2
610288,22,1904,1,37.9,36.3
610289,5,301,1,66.1,56.6
610290,33,701,0,51.4,10
610291,8,301,1,20.2,2.1
610292,39,1601,0,67.8,50.5
610293,8,1203,1,50.3,34.4
610294,34,1101,1,65.9,14.6
610295,19,1702,1,38.3,10.2
610296,21,1300,0,50.6,37.6
610297,23,900,1,95.5,51.4
610298,22,402,1,26.7,27.8
610299,35,1404,0,58.2,46.4
610300,19,1700,1,67.8,65.3
610301,24,1101,1,100,83.5
610302,15,1601,1,40.2,25.6
610303,6,1103,0,77.4,87.8
610304,12,804,0,37.3,12
610305,23,1600,0,55.2,46.6
610306,2,702,1,85.2,42.7
610307,15,1102,0,100,84.2
610308,39,102,0,81.3,63.6
610309,7,1103,1,56.4,54.6
610310,19,600,1,80.9,58.6
610311,17,203,1,89.8,73
610312,23,203,1,57.4,36.3
610313,21,1602,1,83.4,79.7
610314,21,1903,1,42.1,40.9
610315,5,1900,0,46.5,44.5
610316,29,401,0,28.9,27
610317,21,101,1,100,100
610318,2,2000,1,39.5,22.4
610319,39,200,1,41.4,70.7
610320,11,202,1,68.1,50.5
610321,32,101,1,18.6,5.3
610322,13,1000,1,31.2,0.3
610323,22,1101,0,100,100
610324,26,203,1,84,46.3
610325,30,1100,0,81.7,74.9
610326,12,901,1,23.8,0
610327,20,1702,1,27.3,0
610328,20,2004,1,23.8,15.1
610329,12,1802,0,76.6,66.4
610330,27,1703,0,43.1,15.8
610331,14,1502,1,88.8,93.5
610332,33,1701,0,83.9,75.1
610333,28,1501,1,42,25.2
610334,13,1500,0,75,34
610335,2,1502,1,66.3,58
610336,10,903,0,38.9,26.9
610337,28,1500,0,75.8,44.7
610338,6,502,0,85.5,100
610339,12,102,0,51.5,31
610340,15,600,1,30.7,42
610341,21,1901,1,65.2,83.2
610342,38,600,1,69.8,41.4
610343,36,1003,1,100,86.4
610344,2,102,1,12,11.9
610345,37,1901,0,73.4,73
610346,38,902,0,100,100
610347,17,100,1,52.7,1.5
610348,6,1602,1,30.6,24.7
610349,38,1601,1,100,95.5
610350,36,701,1,6.7,0
610351,36,804,0,78.3,66.5
610352,21,502,1,63.4,54.5
610353,8,504,0,46.7,27.2
610354,27,800,0,87.6,51.6
610355,19,900,1,57.4,32.2
610356,34,1003,1,39.8,4.3
610357,26,403,0,76.3,76
610358,15,1702,1,42,30.6
610359,19,1402,1,78.5,64.8
610360,10,103,0,67.5,74.6
610361,16,1503,1,58.9,39.6
610362,15,1804,1,60.2,53.2
610363,17,1303,0,79.7,57.1
610364,10,602,1,36.4,36
610365,40,902,1,60.4,45.5
610366,36,804,0,98.4,93.8
610367,8,1800,1,11.3,0
610368,10,1802,1,89.7,88.7
610369,30,100,1,74.3,56.7
610370,8,1401,0,90.3,97.9
610371,20,801,0,66.9,73.3
610372,25,902,0,34,35.8
610373,6,1400,1,42.4,0
610374,24,1400,1,45.7,62.7
610375,10,2000,0,88.7,73.5
610376,6,203,1,62.7,34.5
610377,20,1902,1,69.5,28.1
610378,15,300,0,100,91.2
610379,29,1904,1,77.9,67.4
610380,9,1003,0,39.9,27.2
610381,28,300,1,64.2,72.8
610382,35,100,1,44.6,26.6
610383,24,802,0,96.4,100
610384,40,400,1,56.8,34.3
610385,3,200,0,49.7,46.1
610386,28,702,1,50.3,50.4
610387,28,2002,1,33.7,35
610388,37,503,1,52.3,24.9
610389,20,1401,0,65.5,50.4
610390,13,1902,0,58.2,47.4
610391,27,303,0,60.3,69.9
610392,1,301,1,0,0
610393,28,1701,1,28.9,0
610394,34,1802,1,74.2,89.2
610395,3,202,0,83.1,97.8
610396,38,1100,0,53.9,28.1
610397,9,302,1,94.6,68.3
610398,7,703,0,81.2,43.3
610399,19,102,1,69.5,72.4
610400,34,102,0,56.4,61.9
610401,17,403,0,81.1,71.9
610402,19,1703,0,57.9,21
610403,31,1904,1,97.1,96.4
610404,39,703,0,25.1,4.4
610405,22,1900,0,84.2,55.7
610406,5,401,0,100,100
610407,31,1003,1,40,43.9
610408,22,801,0,56.1,49.9
610409,28,2001,0,68.9,57.9
610410,35,203,1,35,10.1
610411,2,1801,0,58.9,48.8
610412,40,600,0,66.5,81.5
610413,20,300,0,74.6,40.5
610414,6,1003,0,53.4,61.8
610415,8,1201,0,73.6,47.3
610416,27,402,1,71.4,93.6
610417,29,1904,0,66.2,50.6
610418,33,404,0,71.5,74.5
610419,31,2004,1,78.9,64.4
610420,23,1100,1,65,64.4
610421,2,1100,1,67.9,54.4
610422,1,400,1,15.8,0
610423,3,1501,0,62.7,76.7
610424,3,1404,0,55.3,42.2
610425,25,501,1,54.9,31.4
610426,21,804,0,67.5,56.1
610427,35,1702,1,54.7,61.3
610428,19,103,0,55,18.3
610429,35,1902,1,86.2,61.8
610430,34,1000,1,47,39.6
610431,5,702,0,58.7,59.1
610432,17,303,1,14.8,0
610433,2,300,0,71.5,47.6
610434,8,1102,0,38.3,42
610435,39,1103,0,53.4,62.5
610436,9,1300,0,57.7,52.1
610437,15,1300,0,71.6,59.4
610438,9,502,0,66.2,74.2
610439,25,201,0,63.2,45.7
610440,12,804,0,47.4,32.2
610441,18,703,1,73.9,42.1
610442,33,703,1,70.8,47.7
610443,33,1601,1,63.9,53.8
610444,21,1403,1,33.8,53
610445,16,1901,0,49.5,41.3
610446,38,901,1,0,0
610447,6,1303,1,100,100
610448,36,500,0,93.6,88.9
610449,24,1001,0,100,85.2
610450,11,503,0,52.7,14.3
610451,39,1302,1,74.8,50.7
610452,38,1203,1,43.3,48.4
610453,8,1202,0,50,19.5
610454,27,1201,1,78.8,57.2
610455,7,1900,0,88.3,61
610456,6,1900,0,68.7,46.2
610457,21,1601,1,57.4,41.5
610458,2,1904,0,52.2,63.3
610459,31,301,0,57.2,34
610460,23,200,1,52.3,63
610461,38,801,0,58.9,59.5
610462,29,1200,0,46.2,34.6
610463,19,1502,0,58.1,55.8
610464,30,1302,1,44.8,69.3
610465,17,201,0,75.7,75.8
610466,17,1100,0,36.4,44
610467,29,403,0,54,28.8
610468,7,1201,0,87.8,82.3
610469,25,1000,1,28.7,53.6
610470,28,404,0,100,100
610471,8,1503,0,83.5,84.8
610472,6,1100,0,69.8,58.1
610473,13,404,1,17.4,23.7
610474,36,800,1,31.8,0
610475,16,501,0,79.1,100
610476,36,901,0,64,87.1
610477,21,303,0,85.9,54.9
610478,3,1003,1,0,0
610479,37,2000,1,64.5,67
610480,10,803,1,52.5,71
610481,23,1600,0,77.9,76
610482,20,1600,0,57.6,49.9
610483,22,900,1,35.6,28.9
610484,26,1202,1,43.4,18.1
610485,26,503,0,80.1,56.6
610486,36,700,1,63,64.6
610487,11,1401,1,80.4,79.2
610488,14,1904,0,53.9,43
610489,36,703,1,0,0
610490,5,302,1,98.6,92.5
610491,17,103,1,41.1,8.6
610492,26,400,1,15.8,0
610493,7,1002,1,58,26
610494,15,1002,0,54.3,43.4
610495,14,400,0,63.5,52.5
610496,21,1003,1,47.9,16.8
610497,2,1502,1,69.1,21.3
610498,27,1703,1,82,88.4
610499,16,703,1,75.2,77.7
610500,31,1902,1,35.1,2.1
610501,16,302,0,47.7,18.9
610502,10,1101,0,61.6,19.3
610503,2,200,0,65.3,38.8
610504,22,601,1,38.8,43.8
610505,5,2001,1,2.8,0
610506,14,700,1,0,0
610507,4,102,1,86.3,82.7
610508,12,503,0,75.9,59.6
610509,8,2003,0,82,50.8
610510,7,1501,0,85.1,60.2
610511,18,1403,0,65,51.9
610512,5,901,1,80.8,70.8
610513,11,804,0,81.4,61.4
610514,17,1900,0,59.4,75.4
610515,33,2004,1,62.8,28.8
610516,8,102,0,56.9,62
610517,12,300,1,63.2,29
610518,31,400,1,64.7,39
610519,5,2000,1,78.7,87.5
610520,5,1401,1,22.7,0
610521,13,1902,1,50.5,29.5
610522,5,1202,0,32.2,22.5
610523,26,1103,0,87.3,77.1
610524,21,1302,0,53.5,33.9
610525,39,1301,1,73.2,44
610526,17,1700,1,58.9,45.7
610527,38,302,0,83.5,58.5
610528,11,601,1,0,3.7
610529,18,2003,1,12.6,0
610530,2,1401,0,56.5,28.9
610531,5,1400,0,76.2,66
610532,3,402,0,28.4,42
610533,24,1002,1,30.6,32.9
610534,36,700,1,46.2,47.3
610535,26,203,1,29.7,17.8
610536,2,1702,1,59.9,32.2
610537,16,903,1,50.1,51.4
610538,18,1600,0,78.8,39.6
610539,3,1404,1,46.2,56.3
610540,15,101,0,90.7,90.3
610541,5,603,0,61.3,33.2
610542,35,800,0,74.3,68.9
610543,37,603,0,69.1,41.8
610544,38,903,1,8,15.3
610545,18,500,0,100,97.3
610546,21,200,0,94.9,79
610547,18,1200,0,48.9,36.6
610548,31,1203,1,24.3,1.1
610549,12,1701,0,61.3,50.9
610550,22,1201,1,62.5,56.2
610551,27,1502,1,0,0
610552,18,2004,0,88.1,100
610553,35,1002,0,90.4,89.3
610554,25,2000,0,72.4,73.7
610555,33,1201,0,61,43.7
610556,12,1903,1,55.3,34.1
610557,17,1801,1,16.8,0
610558,37,200,1,13.3,0
610559,23,801,0,72.6,47.5
610560,16,402,1,39,25.8
610561,40,2001,0,48.5,43.8
610562,7,1302,1,86,86.9
610563,10,803,1,67.9,52.8
610564,22,1000,0,100,98.5
610565,36,1103,0,45.4,8.6
610566,1,401,1,50,36.6
610567,19,1201,1,100,97.8
610568,38,700,1,61.2,18.1
610569,11,1803,1,100,70.5
610570,33,702,0,78,52.2
610571,20,300,1,81.7,84.1
610572,35,601,0,92.5,64.2
610573,24,1102,1,17.9,0
610574,4,902,1,3.7,0
610575,22,700,1,0,0
610576,18,1001,1,78.4,79.4
610577,28,1803,0,100,100
610578,14,1702,1,61.3,62.9
610579,4,2001,0,33.7,41.4
610580,22,401,0,81.1,61.8
610581,24,601,0,74.4,54.7
610582,37,601,0,46.8,48.4
610583,31,1600,1,0,0
610584,35,1101,1,78.3,69.2
610585,3,1400,0,53.9,61.4
610586,17,201,0,76.8,100
610587,25,1700,0,80.3,78
610588,40,1301,0,76.2,91.6
610589,28,902,0,90,93.1
610590,19,200,1,29.8,21.7
610591,15,1900,0,87.3,79.1
610592,16,1701,0,41,25.1
610593,20,1700,1,72.3,71.7
610594,17,803,1,45.8,24.4
610595,9,2000,1,52.3,57.5
610596,26,202,1,100,100
610597,2,101,1,63.1,37.3
610598,21,503,1,89.6,93.7
610599,31,503,0,48.7,36.9
610600,12,600,0,57.4,16.8
610601,25,801,0,52.9,24.2
610602,25,2000,1,91.9,54.7
610603,12,300,1,51,46.9
610604,9,700,0,81.3,70.9
610605,37,1904,1,100,100
610606,3,802,1,93.5,38.3
610607,15,1202,0,70.3,43.3
610608,6,1400,0,100,93.4
610609,22,402,1,59.4,60.3
610610,24,901,1,28.7,43.5
610611,2,603,1,54.3,59.8
610612,32,1303,1,62.3,50.3
610613,16,601,0,60.2,55.4
610614,4,1802,0,66.4,35.9
610615,32,1601,1,35.1,12
610616,36,904,0,43.3,77.3
610617,26,1801,1,22.4,14.1
610618,26,401,1,23.5,3.8
610619,21,1403,0,79.7,75.5
610620,21,1903,0,79.2,45.8
610621,11,902,1,88.2,71.3
610622,9,2004,0,64.8,68.8
610623,38,500,0,56.5,36.3
610624,30,1802,1,35.5,25
610625,6,702,1,66.8,66.4
610626,31,1500,1,32.7,0
610627,27,800,1,40.2,48.5
610628,7,1302,1,79.1,61.5
610629,37,1201,1,67.6,99.9
610630,5,1003,1,68.8,43.3
610631,15,803,1,62.9,48.7
610632,28,1404,0,72.8,79.6
610633,14,1200,1,73.8,66.4
610634,7,200,1,0.9,0
610635,29,1400,1,87.6,55.7
610636,9,1001,1,96.9,93.8
610637,39,801,0,67.5,94.7
610638,28,1503,0,100,100
610639,35,1802,0,35.2,60.4
610640,15,1801,0,63.6,64.1
610641,32,303,1,88.8,99.2
610642,25,102,1,70.9,56.6
610643,18,1300,1,78.9,48
610644,10,1602,0,57.8,42
610645,2,1702,0,85.5,94.3
610646,17,302,0,81.5,80.4
610647,4,303,1,9.8,0
610648,21,1903,1,61.8,77.8
610649,24,600,1,46.1,23.2
610650,17,1303,1,28.7,3.6
610651,31,301,1,44.5,52.6
610652,5,1600,1,71.1,35.6
610653,5,902,1,26.8,0
610654,6,1300,0,86.5,81.7
610655,23,603,0,99.6,97
610656,5,802,1,37.5,0
610657,27,904,1,36.2,10
610658,11,1301,1,47.6,22.4
610659,1,1702,0,87.7,69.1
610660,27,2002,0,45.2,26.1
610661,25,804,1,93.4,99.5
610662,27,901,0,57.8,49.2
610663,8,1002,1,47.4,20.3
610664,38,300,1,16.4,4.1
610665,7,503,0,94,100
610666,34,1100,1,100,100
610667,35,703,0,78.4,68.9
610668,8,804,0,78.3,62.1
610669,24,300,1,32.5,0
610670,5,202,1,10.6,5.2
610671,3,1101,0,100,89.6
610672,35,200,1,64.1,67.7
610673,25,703,0,74.8,84.5
610674,1,1302,0,74.1,51.7
610675,15,1602,0,70.1,37
610676,21,301,1,69.6,70
610677,20,1402,0,67.2,66
610678,8,1000,0,49.8,63.7
610679,18,701,0,79.2,49.5
610680,6,1402,0,73.2,24.5
610681,35,1800,0,64.3,63.1
610682,5,302,1,5.6,0
610683,12,1203,0,78.1,63.5
610684,21,1801,0,51.8,51.8
610685,6,1600,0,74.1,56.4
610686,6,2002,0,99.2,89.9
610687,36,904,1,68.8,89.8
610688,11,1302,1,59.7,26.9
610689,5,2002,1,33.3,14
610690,13,1602,1,60.2,44
610691,18,700,1,46.9,29.7
610692,27,300,0,79.7,66.6
610693,21,1201,0,70.8,40.3
610694,19,300,0,100,100
610695,30,900,1,52.7,47.6
610696,12,1103,1,10.1,21
610697,38,801,1,89.8,83.5
610698,13,1804,0,57,35.5
610699,4,702,1,80.8,50.6
610700,27,1801,0,46.8,46.2
610701,39,1904,1,58.6,68.5
610702,19,1402,0,62.6,46.3
610703,6,302,0,94.4,100
610704,33,203,0,79,89.6
610705,7,700,0,72.3,55.9
610706,8,1804,0,40.1,20.3
610707,21,601,1,91.8,66.6
610708,35,1201,0,72.2,57.9
610709,20,101,1,94.4,86.8
610710,29,1703,0,75.1,39.2
610711,35,2003,1,3,0
610712,6,404,0,36.1,0
610713,27,303,0,75.5,78.7
610714,17,1503,1,69.5,44.3
610715,1,603,1,74.8,82.5
610716,27,503,0,70.8,18.8
610717,2,1000,1,46.8,51
610718,7,1201,1,64.7,65
610719,36,1500,1,78.2,34
610720,38,1902,0,48,40.7
610721,30,1301,1,48.5,0
610722,29,602,0,100,100
610723,34,1202,1,100,94.8
610724,5,403,0,70.6,48.5
610725,30,602,1,81.3,61
610726,40,603,1,70.8,76.8
610727,36,1903,0,70.2,60
610728,29,1300,1,97.3,92.4
610729,2,1502,1,62.9,71.7
610730,40,1101,0,75.8,66.4
610731,35,503,1,87.5,66
610732,10,203,0,81.6,72.8
610733,8,302,1,23.9,1.9
610734,3,1102,0,96.1,98.5
610735,10,904,1,20.9,28.7
610736,8,1401,1,37.1,6.4
610737,15,1200,0,51.7,49.2
610738,36,1801,1,81.1,81.8
610739,33,600,1,61.7,50.5
610740,1,1800,1,56.1,62.6
610741,3,1202,0,82.2,82.1
610742,38,1803,0,37.1,51.1
610743,12,200,0,87.9,71.6
610744,26,401,0,64.9,62.1
610745,7,400,1,58.8,62.2
610746,25,301,1,87.7,84.6
610747,15,100,1,81.6,82.4
610748,37,702,1,93.3,97.3
610749,28,1303,1,53,58.5
610750,37,404,0,71.1,69.1
610751,11,903,0,90,83.5
610752,18,300,0,63.2,61.1
610753,33,102,1,63.4,44.8
610754,35,201,1,30,26.3
610755,37,1904,1,30.4,28.6
610756,2,300,0,39.2,6.8
610757,31,802,0,55.3,45.1
610758,17,1904,1,25.3,20.4
610759,19,1702,1,16.5,3.2
610760,16,1203,1,34,62.4
610761,27,603,0,69,72
610762,7,1703,1,57.6,46.4
610763,33,1203,0,89.2,56.2
610764,9,1102,0,67.2,64.4
610765,33,2000,1,67.2,57.6
610766,4,501,0,73.8,54.7
610767,36,902,1,37.2,25.1
610768,31,903,1,65.3,63.5
610769,11,901,0,77.1,79.6
610770,36,301,0,93.2,76
610771,16,1501,0,83.7,82.8
610772,3,400,0,85.6,86.6
610773,25,1400,0,84.6,76.2
610774,12,1902,1,18.4,0
610775,6,1701,0,70.7,71.7
610776,4,1902,1,30.1,7.4
610777,10,101,1,68.1,24.7
610778,21,403,0,90.2,88.7
610779,16,1503,1,29.1,14
610780,28,201,1,44,15.9
610781,21,403,0,68.2,43
610782,13,1902,1,18.5,45.6
610783,34,1000,1,26.6,21.6
610784,6,803,0,40.8,63.1
610785,32,1804,0,76.1,34.4
610786,14,1602,0,90.5,96
610787,29,1202,0,81.5,55.7
610788,12,700,0,64.5,60.9
610789,12,1400,1,54.5,30.6
610790,1,1903,0,38.7,27.3
610791,9,1203,0,27.6,18.9
610792,20,1302,0,61.4,51.8
610793,36,1600,1,54,57.4
610794,25,1103,1,30.3,7.6
610795,26,603,1,28.5,0
610796,24,1600,0,34.2,5.2
610797,30,1601,1,32.1,38
610798,36,1101,0,49,26.7
610799,32,1602,0,80.4,69
610800,26,301,0,92.7,79.1
610801,11,1303,0,70.4,28.8
610802,24,1703,1,49.1,39.3
610803,7,702,1,52.3,10.8
610804,38,1602,1,75.3,60
610805,10,600,0,64.8,33.3
610806,24,2000,0,89.4,77.4
610807,28,800,1,20.3,15
610808,31,203,0,40,53.2
610809,30,100,0,66.1,57.3
610810,26,300,0,46.6,58.2
610811,28,703,0,71.8,38.6
610812,15,802,1,0,0
610813,3,702,0,53.4,20.2
610814,15,1503,0,47.2,39.4
610815,7,1503,1,91.8,36.4
610816,12,502,1,55.2,35.1
610817,13,1103,1,58,69.8
610818,22,1601,1,83,70.2
610819,25,200,1,77.1,66.5
610820,39,700,0,69.9,54.3
610821,27,1600,1,53.7,40
610822,14,2000,0,69.5,59.1
610823,33,2000,1,45.6,49.4
610824,36,1301,1,100,66.9
610825,11,1900,0,56,22.3
610826,8,1602,1,51.5,42.2
610827,21,1103,0,27.4,2.2
610828,19,803,0,79,100
610829,40,503,1,72.6,65.8
610830,33,100,1,80.7,73.2
610831,31,602,1,87.8,100
610832,31,100,0,82.7,89.9
610833,24,800,0,79.5,69.4
610834,13,1602,1,94.2,79
610835,33,1602,0,91.1,79.1
610836,38,302,1,46.5,16.7
610837,35,101,1,40.4,30.4
610838,34,403,0,45.6,17.7
610839,16,703,1,92.3,97.4
610840,38,702,0,61.2,64.8
610841,12,1702,0,61.4,56.9
610842,3,701,1,78.9,61.4
610843,33,2003,1,53.1,14.1
610844,22,1902,1,61.2,59.5
610845,22,303,1,73.9,70.4
610846,31,203,1,38.3,17.4
610847,19,1501,1,87.6,64
610848,16,501,0,69.5,59.8
610849,1,1200,1,68.1,53.6
610850,17,1701,1,34,37.8
610851,9,102,1,24.7,38.2
610852,25,1602,0,72.7,42.3
610853,6,1300,1,57.8,36.7
610854,21,903,0,60.2,63.8
610855,34,1201,0,89.3,56.7
610856,8,503,1,77.4,77.1
610857,10,603,1,54.5,49.6
610858,2,200,1,100,100
610859,8,503,1,100,74.7
610860,33,2004,1,56.4,49.9
610861,1,103,0,51,37.6
610862,15,1203,0,51.1,39.4
610863,19,1103,0,72,64.7
610864,21,1503,0,91.2,63
610865,34,1101,0,74,58.4
610866,22,1401,0,60.6,79.8
610867,14,1103,0,49.9,45.6
610868,4,1500,0,50.4,30.6
610869,24,1702,1,61.3,35.8
610870,32,302,1,22.7,8.9
610871,26,1900,0,88,80.8
610872,26,1703,0,82.7,66.6
610873,25,703,1,68,79.5
610874,1,1902,1,66,37.1
610875,18,1803,1,96.7,86.7
610876,25,902,1,62.4,35
610877,22,904,0,70.5,45.4
610878,33,1401,1,78.3,71.8
610879,36,802,1,78.1,74.8
610880,22,2003,0,54.6,45.3
610881,3,1801,1,94.5,97.1
610882,39,1301,0,77.8,44.3
610883,26,1703,1,84.4,61.6
610884,24,1600,0,98.1,77.2
610885,13,102,0,67.5,70.3
610886,6,1401,0,72.4,90.1
610887,4,1404,0,68.1,67.3
610888,35,1002,0,54.2,42.4
610889,39,1102,0,63.3,45.8
610890,9,1000,1,79.1,63.7
610891,10,1904,1,30.5,6.4
610892,5,200,1,49.3,33
610893,2,200,1,38.5,61.9
610894,11,1202,1,31.9,41.1
610895,31,301,1,88.4,100
610896,4,802,1,33.3,9.6
610897,26,1701,1,34.8,31.5
610898,13,501,0,62.8,69.8
610899,3,2004,0,72.4,73.3
610900,10,300,0,83.7,100
610901,35,1401,1,41.5,57.6
610902,13,1101,0,71.3,73.5
610903,16,1402,1,71,54.9
610904,19,2004,1,41,63.5
610905,12,902,1,9.5,0
610906,37,601,1,20.1,20.7
610907,10,402,0,55,36.9
610908,4,2001,0,55.9,61.1
610909,8,502,0,63,38.5
610910,36,603,0,81.6,51.7
610911,11,402,0,100,100
610912,11,1303,0,62.9,54.3
610913,10,402,0,86.3,49.1
610914,6,1102,0,69.3,41
610915,29,1103,1,57.7,22.4
610916,5,1401,0,96.8,99.5
610917,19,403,0,69.7,52.1
610918,5,203,0,78.3,63.9
610919,8,1301,1,25.6,33.2
610920,23,201,0,54.8,72.7
610921,20,1501,1,21.4,28.7
610922,29,1101,1,12.6,13.4
610923,15,801,1,56.9,53.7
610924,8,602,1,49.1,15.5
610925,40,2004,1,59.3,54.8
610926,37,1302,0,73.1,86.5
610927,18,903,0,59.4,34.5
610928,39,1404,1,87.5,50.6
610929,27,1804,0,70.5,86.2
610930,12,504,1,59.6,53
610931,23,1804,1,74.7,72.7
610932,15,901,0,97.8,98.5
610933,17,502,1,3.2,0
610934,22,500,1,33.1,0
610935,3,1400,1,70,82.7
610936,32,1002,1,52.5,36.8
610937,21,603,0,100,97.8
610938,32,1503,0,61.3,53.6
610939,38,504,0,73.4,61.1
610940,34,802,1,79.2,47
610941,37,403,0,60.2,20.6
610942,16,804,1,56.7,44.7
610943,23,1200,0,55.8,33.4
610944,10,404,0,69,46.5
610945,20,1804,0,94.4,75.9
610946,34,1500,0,100,89.3
610947,36,202,1,66.8,56.2
610948,11,403,0,60.6,75.6
610949,26,1404,1,76.3,47.1
610950,30,801,0,100,100
610951,16,1102,0,93.8,84.8
610952,38,1803,1,31.8,23.4
610953,32,1300,1,59.3,47.2
610954,8,1002,1,100,75.5
610955,30,1802,1,31.2,26.1
610956,16,1703,1,60.3,37.3
610957,16,1901,1,59.3,22.2
610958,9,2003,1,28.4,41.8
610959,35,1503,0,53.1,46.4
610960,13,404,1,23.9,47.9
610961,7,1400,1,42,0
610962,39,202,1,34.8,28.7
610963,13,803,1,54.3,44.3
610964,33,1402,1,69.9,75.2
610965,36,2003,0,74.7,59.8
610966,16,904,1,52.6,48
610967,38,404,0,100,99.4
610968,3,603,1,54.3,38.1
610969,6,403,1,82.2,61.3
610970,4,800,0,58.4,42.9
610971,5,203,1,69.7,42.3
610972,31,1401,1,51.5,30.6
610973,22,202,0,93.2,91
610974,20,700,0,29.4,28.3
610975,37,1904,0,75.8,91.8
610976,10,1402,1,15.9,13.9
610977,37,1701,0,69.4,56.8
610978,20,701,1,51.8,55.5
610979,30,401,1,58.6,38
610980,10,1802,1,100,78.6
610981,8,803,1,56,27.5
610982,14,1601,1,100,100
610983,13,301,1,49.2,19.2
610984,15,500,0,65.2,48.7
610985,39,900,1,58.1,24.9
610986,16,1600,0,84,94.5
610987,1,1402,0,94.2,94.7
610988,40,1500,1,14.7,0
610989,14,602,0,55.2,49.1
610990,35,1200,0,74.8,88
610991,12,101,1,100,100
610992,35,2003,0,88.7,72.4
610993,35,902,1,79.1,80.2
610994,20,602,0,86.9,69.9
610995,19,804,1,62.5,26.6
610996,12,1801,0,100,86
610997,21,2001,0,83.9,73.6
610998,34,403,1,11.5,22.2
610999,35,503,0,59.7,61.7
611000,12,1801,1,53.7,37.9
611001,37,801,1,49.7,36.6
611002,10,1402,1,80.6,57.1
611003,28,802,0,64.1,30.1
611004,2,102,0,95.9,73.1
611005,26,1702,0,75.5,38.3
611006,37,1600,0,57.1,78.8
611007,29,500,0,47.4,50.5
611008,36,101,1,47.1,37.7
611009,5,700,0,73.1,53.2
611010,13,201,0,60.5,32
611011,38,1404,1,56.8,51.5
611012,38,1501,0,63.2,63.3
611013,22,1400,0,60.4,51.8
611014,32,400,1,53.9,40.8
611015,13,901,0,48.2,10.6
611016,22,2000,0,56.2,46.9
611017,7,201,0,58.4,53.9
611018,36,1302,1,82.6,66.3
611019,31,902,0,80.3,42.8
611020,8,700,1,78,59.4
611021,32,2003,1,59.8,53.8
611022,8,403,1,59.5,30.6
611023,36,1703,1,55,33.4
611024,3,404,0,70.4,77.2
611025,10,2004,0,77.6,52.2
611026,28,1401,1,63.2,66.3
611027,2,2001,0,59.6,35.3
611028,8,1701,1,89.9,67.5
611029,3,201,1,53.9,1.1
611030,19,1803,0,54.2,51.7
611031,37,1904,0,51.9,40.5
611032,23,903,1,87.7,71.2
611033,30,2000,1,17.2,16.1
611034,10,1901,0,72.4,64.1
611035,7,1702,1,51.4,58.4
611036,10,1300,1,66.3,62.6
611037,3,1200,1,53,40.9
611038,31,1200,0,40.7,41.1
611039,22,501,0,49.4,28
611040,38,402,1,49.3,29
611041,25,402,0,72.7,94.8
611042,5,1100,1,52.8,30.1
611043,25,1503,1,77.8,73.6
611044,26,1701,1,27.3,44.5
611045,20,903,0,72.3,22.8
611046,29,2003,1,77.9,71
611047,39,1303,0,91.4,92.8
611048,32,1602,0,40.2,20.6
611049,10,803,0,61.3,42.2
611050,28,1901,0,72,77.3
611051,23,601,1,0,0
611052,10,1900,1,39.3,0
611053,18,1400,1,100,84.4
611054,26,503,0,57.7,46.5
611055,24,1503,0,98.1,85.2
611056,10,200,0,59.4,56.5
611057,40,301,0,42.5,32.9
611058,29,804,0,59.9,64.8
611059,18,1600,0,73.1,59.1
611060,23,1800,1,54.3,25.7
611061,6,902,0,85.5,73.9
611062,13,1902,0,66.2,63.3
611063,32,1200,0,77,94.2
611064,1,904,1,0,0
611065,24,1100,0,56.1,39
611066,16,102,1,88.8,66.7
611067,20,703,0,64.2,71.2
611068,25,901,1,100,100
611069,3,601,0,76,52
611070,14,804,0,58.8,32.2
611071,4,203,0,96.3,100
611072,27,200,1,57.9,57.4
611073,22,401,1,54.9,28.6
611074,14,400,1,84.4,59.3
611075,29,1300,0,70,68.2
611076,7,904,1,22.9,21.5
611077,8,2002,0,75.1,68.1